mean_fit_time,std_fit_time,mean_score_time,std_score_time,param_feature_fraction,param_learning_rate,param_max_depth,param_num_leaves,param_subsample,params,split0_test_score,split1_test_score,split2_test_score,split3_test_score,split4_test_score,split5_test_score,split6_test_score,split7_test_score,split8_test_score,split9_test_score,mean_test_score,std_test_score,rank_test_score
57.5675555229187,12.006146058932332,0.5062841415405274,0.06427867852677176,0.6857592714582879,0.08105638762049074,15,138,0.11864728937294303,"{'feature_fraction': 0.6857592714582879, 'learning_rate': 0.08105638762049074, 'max_depth': 15, 'num_leaves': 138, 'subsample': 0.11864728937294303}",-65.43464956207997,-69.25580006291223,-66.69222889809356,-64.3227100053355,-49.65813439684935,-55.75727059585199,-65.82197978345918,-65.76286392189681,-77.07119859590523,-69.35698564213487,-64.91338214645188,7.129542389599233,1
53.940931463241576,14.354716172591353,0.5114510297775269,0.0681870697654198,0.734274057957335,0.0753091604118819,16,137,0.7350588736035638,"{'feature_fraction': 0.734274057957335, 'learning_rate': 0.07530916041188195, 'max_depth': 16, 'num_leaves': 137, 'subsample': 0.7350588736035638}",-66.25652086660543,-69.48705887471519,-66.84696747921167,-64.47036304596554,-49.53845044728353,-56.036581258738494,-66.11597231263934,-66.20823834792772,-76.98448795912448,-69.28135354158842,-65.12259941337999,7.136663114123191,1
56.86883690357208,13.71974398096298,0.4369635343551635,0.0482056814990047,0.9815853992105807,0.0516743386520125,15,97,0.1000553568650085,"{'feature_fraction': 0.9815853992105807, 'learning_rate': 0.05167433865201257, 'max_depth': 15, 'num_leaves': 97, 'subsample': 0.10005535686500858}",-66.96638922408918,-70.17238690554399,-67.18319961286518,-65.72939991239919,-50.71437161933035,-57.31436504574472,-69.18468268293667,-66.69434970155136,-78.09445616129597,-70.62465314532302,-66.26782540110796,7.116719070611893,2
1.6921738862991331,0.6445124782424173,0.0571278572082519,0.0042795750703919,0.472282766561743,0.0661302747974872,18,137,0.4053638603443934,"{'feature_fraction': 0.47228276656174306, 'learning_rate': 0.0661302747974872, 'max_depth': 18, 'num_leaves': 137, 'subsample': 0.4053638603443934}",-65.74465567069463,-67.07330056511005,-69.1100654152993,-66.4765770764049,-50.66462356446355,-58.22430818122478,-67.14732673696605,-67.34110940958868,-78.91711372231116,-72.32232753935114,-66.30214078814143,7.1817661899295935,1
45.65220062732696,13.226631161613428,0.5859284639358521,0.058160348855952046,0.5478935261759051,0.05318467494773383,8,136,0.3877753385863487,"{'feature_fraction': 0.5478935261759051, 'learning_rate': 0.05318467494773383, 'max_depth': 8, 'num_leaves': 136, 'subsample': 0.3877753385863487}",-65.65036371658134,-68.25505147779974,-68.81972397012662,-66.63482482476901,-50.25555668538121,-57.98195179918596,-67.85646656689325,-67.10515311980876,-78.8891813326753,-72.32547883688159,-66.37737523301027,7.315219269246979,2
1.476729202270508,0.6187442841187687,0.0486636638641357,0.0024854366665622,0.4745401188473624,0.0711447600934341,11,81,0.6986584841970366,"{'feature_fraction': 0.47454011884736247, 'learning_rate': 0.07114476009343418, 'max_depth': 11, 'num_leaves': 81, 'subsample': 0.6986584841970366}",-66.29828284248713,-67.73431401396896,-69.44645838082202,-67.15732633401349,-50.99969548073968,-59.11300416912404,-68.79018037756374,-68.51196542157561,-79.90591825632576,-73.13543905687905,-67.10925843334994,7.313232744808261,2
51.21912648677826,9.875870787316666,0.5213480472564698,0.05072219157783046,0.8527883531756042,0.04405807205914468,19,125,0.7216957202091218,"{'feature_fraction': 0.8527883531756042, 'learning_rate': 0.04405807205914468, 'max_depth': 19, 'num_leaves': 125, 'subsample': 0.7216957202091218}",-67.57645817952964,-71.34356619196343,-68.31509837971153,-67.11304373095692,-51.699764633889,-58.50717461892139,-69.10730747626977,-67.65567360168953,-78.38563428264573,-72.40576943063729,-67.21094905262142,7.003192757170663,3
47.09465758800506,10.540476412573266,0.5109084129333497,0.040485074718599974,0.45726976000249975,0.053162506982005885,11,106,0.369001051257828,"{'feature_fraction': 0.45726976000249975, 'learning_rate': 0.053162506982005885, 'max_depth': 11, 'num_leaves': 106, 'subsample': 0.369001051257828}",-65.06123981720468,-68.28525968067089,-69.90591291043474,-67.73086131369433,-51.65266517053302,-60.00439664842863,-68.99380008516185,-68.46714486946084,-79.92928807041683,-74.28178117609905,-67.43123497421048,7.234136217534825,4
18.36448073387146,3.663412504139453,0.1936588287353515,0.0951781491249299,0.9330380975093908,0.0897404624165018,16,18,0.6804471371881301,"{'feature_fraction': 0.9330380975093908, 'learning_rate': 0.08974046241650181, 'max_depth': 16, 'num_leaves': 18, 'subsample': 0.6804471371881301}",-65.0820358497228,-68.69422199079463,-67.37231085555618,-66.89776745245861,-51.24812975685987,-59.30054002320833,-70.99003013074368,-71.719493351883,-81.21873447275662,-72.02814805146592,-67.45514119354496,7.600514767501184,3
53.48126010894775,14.385394097271407,0.5645198822021484,0.05770045950469767,0.3317584645213333,0.07998412275768285,17,166,0.3791836790111395,"{'feature_fraction': 0.3317584645213333, 'learning_rate': 0.07998412275768285, 'max_depth': 17, 'num_leaves': 166, 'subsample': 0.3791836790111395}",-67.38080243915387,-66.33912878304571,-71.92520966537664,-67.20312500134034,-51.48508080807212,-59.9515729619206,-68.22317331361234,-68.78396311197785,-80.06030846313172,-73.36564707580378,-67.4718011623435,7.271998255901314,5
1.5955616235733032,0.6513931345639954,0.0551996946334838,0.004124251394147,0.6582934536070976,0.0444538141573754,9,108,0.8003578299727713,"{'feature_fraction': 0.6582934536070976, 'learning_rate': 0.04445381415737548, 'max_depth': 9, 'num_leaves': 108, 'subsample': 0.8003578299727713}",-67.67724212173867,-70.61749391021976,-68.72280718564949,-67.8396121603815,-51.88653465463484,-59.1514140392222,-69.41704353975753,-67.96908593052427,-78.856878444766,-73.56285290600104,-67.57009648928954,7.03152046326096,3
56.053931856155394,15.024538128533175,0.6824988603591919,0.0655432913637042,0.2147459729533752,0.07054524987869419,11,192,0.6783896143871317,"{'feature_fraction': 0.2147459729533752, 'learning_rate': 0.07054524987869419, 'max_depth': 11, 'num_leaves': 192, 'subsample': 0.6783896143871317}",-67.88679256449139,-67.07635232386792,-72.21780330721994,-67.87060802377077,-52.43764908118244,-60.7732971873499,-70.48843759360999,-69.9916958135837,-81.52989711280814,-74.9520162826943,-68.52245492905786,7.429015925800427,6
61.39851574897766,11.614509276546714,0.6162229776382446,0.05462502146306201,0.3156502809027911,0.05614758862049263,18,177,0.2322672744567307,"{'feature_fraction': 0.3156502809027911, 'learning_rate': 0.05614758862049263, 'max_depth': 18, 'num_leaves': 177, 'subsample': 0.2322672744567307}",-66.74240184840598,-66.59343485430142,-72.738184371106,-69.12911586146413,-52.13447220260608,-61.82198254587766,-70.39352827803783,-69.45787330867098,-81.12313243472789,-75.52267281381647,-68.56567985190144,7.420443320672153,7
1.4840137958526611,0.6323909857651487,0.0445907115936279,0.0026307797906858,0.7947849330397045,0.0437928810005208,10,54,0.3956336858377139,"{'feature_fraction': 0.7947849330397045, 'learning_rate': 0.04379288100052083, 'max_depth': 10, 'num_leaves': 54, 'subsample': 0.39563368583771397}",-67.37384031223895,-70.83398449573109,-69.83710695629267,-69.13868705264642,-53.45549646835008,-61.03476000669547,-71.02644835299121,-69.24993855163993,-80.03176429887631,-74.75944326559917,-68.67414697610613,6.854069487265852,4
17.946122646331787,6.118247716069519,0.2806233882904053,0.0289396726344351,0.8142412995491114,0.0992067036892965,16,12,0.6083154485788909,"{'feature_fraction': 0.8142412995491114, 'learning_rate': 0.09920670368929659, 'max_depth': 16, 'num_leaves': 12, 'subsample': 0.6083154485788909}",-65.61357281908286,-73.21557773541531,-68.69454697157481,-68.51077249227677,-52.71787263173761,-61.04761094793498,-72.93614646317177,-73.91149826935538,-83.00694681801654,-73.62218423169179,-69.32767293802578,7.83595117388,4
58.22895812988281,14.558136835790425,0.5864278078079224,0.08228308392782,0.2433532874090464,0.0682349301243579,11,161,0.3645556121046269,"{'feature_fraction': 0.2433532874090464, 'learning_rate': 0.06823493012435795, 'max_depth': 11, 'num_leaves': 161, 'subsample': 0.36455561210462695}",-69.35090779129706,-66.47561523663605,-73.44134811572756,-69.15555741527604,-52.78377627802463,-62.15178196237973,-71.15843508442748,-71.0108424943786,-81.93981944330899,-76.8952378130532,-69.43633216345094,7.567572975071577,5
20.940188241004943,7.701814067840161,0.4101125240325928,0.030143751018114128,0.47658031474577445,0.08343545047409795,5,119,0.9288458079806929,"{'feature_fraction': 0.47658031474577445, 'learning_rate': 0.08343545047409795, 'max_depth': 5, 'num_leaves': 119, 'subsample': 0.9288458079806929}",-65.75674787454038,-70.64559384591956,-71.65190164511564,-69.61605008817855,-53.282882515150234,-63.17397522383017,-74.59130054656256,-73.70444419312197,-84.68215222318757,-77.25264813151085,-70.43576962871175,8.052485966838372,8
21.52008082866669,6.481824695392502,0.4469161748886108,0.0360982180395999,0.5560146232178672,0.0523907072404674,5,104,0.3292193230865794,"{'feature_fraction': 0.5560146232178672, 'learning_rate': 0.05239070724046744, 'max_depth': 5, 'num_leaves': 104, 'subsample': 0.3292193230865794}",-65.07259891813078,-70.0725547755076,-71.80278647550847,-70.20392233368638,-53.84639874352352,-63.77012179199187,-75.30961744711959,-74.61318695235114,-84.63247128919068,-77.8319146358081,-70.7155573362818,8.044425375500525,6
24.60554473400116,5.252637593722686,0.4523712873458862,0.047918848796684996,0.5479801814204182,0.04746873037643392,5,113,0.26535419711693276,"{'feature_fraction': 0.5479801814204182, 'learning_rate': 0.04746873037643392, 'max_depth': 5, 'num_leaves': 113, 'subsample': 0.26535419711693276}",-66.68487238493628,-71.02665258378183,-71.79767757500595,-70.81931252609529,-54.39239302438711,-64.45758940093008,-75.64713050746411,-75.79705029562301,-84.76794410939074,-78.4211555429523,-71.38117779505669,7.910057541158258,9
30.072297239303587,6.808851518819483,0.3757671356201172,0.0487588815676361,0.6867843464581688,0.0390451250217369,14,36,0.376893750817091,"{'feature_fraction': 0.6867843464581688, 'learning_rate': 0.03904512502173694, 'max_depth': 14, 'num_leaves': 36, 'subsample': 0.376893750817091}",-69.12988485643766,-73.13659982069653,-72.43762356791459,-72.95771488891334,-57.14912980361132,-65.53996483509647,-75.40406905343598,-72.84874676611629,-83.31615486017975,-78.57115156795342,-72.04910400203553,6.756018732353475,7
17.07332901954651,4.368888159745635,0.3885148286819458,0.0417652725179498,0.4136923925080297,0.0745336804311958,4,132,0.3074700754411094,"{'feature_fraction': 0.4136923925080297, 'learning_rate': 0.07453368043119585, 'max_depth': 4, 'num_leaves': 132, 'subsample': 0.3074700754411094}",-69.54941180707176,-74.39200972112249,-73.96458670256344,-72.83979696163676,-56.75073381753634,-68.40210172430895,-81.19716024105337,-80.29262510546306,-88.85141320838041,-80.72265103776287,-74.69624903268996,8.381464736992546,8
1.1038406610488891,0.4639188652404923,0.0405229091644287,0.0025555836489213,0.6568012624583501,0.0643375209213068,3,113,0.1704161308495439,"{'feature_fraction': 0.6568012624583501, 'learning_rate': 0.06433752092130682, 'max_depth': 3, 'num_leaves': 113, 'subsample': 0.1704161308495439}",-71.29306339116576,-75.95084660600662,-75.7731747513821,-76.8241027996804,-60.042635732728606,-71.10315258542761,-84.49799633107149,-82.46069055765976,-91.45566961117024,-82.0200777877484,-77.1421410154041,8.231254553273272,5
0.9397378921508788,0.3850105258324854,0.0356846332550048,0.0009272197108334,0.1650515929852795,0.0702516633924215,14,18,0.1159662522202142,"{'feature_fraction': 0.16505159298527952, 'learning_rate': 0.07025166339242159, 'max_depth': 14, 'num_leaves': 18, 'subsample': 0.1159662522202142}",-71.88116877778484,-74.81749100070394,-78.42724122809952,-75.53073015628479,-58.81870251119806,-70.92636820476571,-82.84781807823083,-83.5603995886397,-92.10391489282456,-84.558615070667,-77.34724495091989,8.740143402291995,6
1.1294368505477903,0.5177166576745187,0.0375687360763549,0.0017421944895433,0.5281841483173143,0.0794263229180113,3,197,0.95300945546736,"{'feature_fraction': 0.5281841483173143, 'learning_rate': 0.07942632291801136, 'max_depth': 3, 'num_leaves': 197, 'subsample': 0.95300945546736}",-71.98275703422242,-77.79334398335342,-76.55086406630258,-76.19231522686758,-60.80789278650028,-71.8249347059252,-84.9731279557041,-83.8037894782804,-92.20970650577394,-83.51922047867262,-77.96579522216027,8.306575470296428,7
0.9850243330001832,0.4055472284879789,0.0333371400833129,0.0015740574884017,0.2480869299533999,0.0984512999986812,17,11,0.6026790232288615,"{'feature_fraction': 0.2480869299533999, 'learning_rate': 0.09845129999868124, 'max_depth': 17, 'num_leaves': 11, 'subsample': 0.6026790232288615}",-72.32518678774294,-77.55594431366279,-78.69876703149399,-76.1903832839833,-59.5526096530267,-71.01423919335733,-83.13022211071859,-83.69153585521576,-93.52527762159929,-86.22112336608001,-78.19052892168807,8.900795494536142,8
45.32018420696259,10.256552657298768,0.4967480182647705,0.0618380151869635,0.5776651173213498,0.0273216036197742,15,98,0.4927847961008297,"{'feature_fraction': 0.5776651173213498, 'learning_rate': 0.027321603619774218, 'max_depth': 15, 'num_leaves': 98, 'subsample': 0.4927847961008297}",-80.79787285667113,-89.55642363914562,-82.9051718705671,-82.60396029172945,-68.11777484451964,-76.48617242356065,-86.55290536384175,-82.94222038116561,-94.25722470883774,-89.77966218767074,-83.39993885677094,7.0400877951301215,9
0.9057656288146972,0.372408756936996,0.0441159009933471,0.0033420744589348,0.1343885211152184,0.0534516611064681,4,59,0.762522284353982,"{'feature_fraction': 0.1343885211152184, 'learning_rate': 0.053451661106468165, 'max_depth': 4, 'num_leaves': 59, 'subsample': 0.762522284353982}",-79.733145141923,-83.8928537319387,-84.17870915034285,-80.60854427995343,-63.7818621638501,-78.70810140559581,-92.61625619522648,-92.87431950257626,-97.58292933574994,-90.17422082303204,-84.41509417301884,9.167421042482456,9
50.8724707365036,12.11521787366848,0.5380510568618775,0.04454068357651841,0.5520016083581851,0.026608245412571004,13,130,0.7092069891338239,"{'feature_fraction': 0.5520016083581851, 'learning_rate': 0.026608245412571004, 'max_depth': 13, 'num_leaves': 130, 'subsample': 0.7092069891338239}",-82.01484801498981,-91.14453574047003,-84.41796850804816,-83.4696958679811,-69.1256506441519,-77.75772006040263,-87.5824822806489,-83.80708391702446,-95.59884939440606,-90.79323348167283,-84.57120679097959,7.112969980514292,10
11.854057431221008,4.019347761855144,0.30120062828063965,0.03557545155581432,0.5595452841220065,0.0765511618865896,2,181,0.5720834208741504,"{'feature_fraction': 0.5595452841220065, 'learning_rate': 0.0765511618865896, 'max_depth': 2, 'num_leaves': 181, 'subsample': 0.5720834208741504}",-86.87351917450115,-88.95082178041241,-83.98355798141385,-85.8614588547413,-69.73532622066907,-81.3160685657098,-96.67663561076178,-95.3090818962384,-100.91753419311284,-89.32887867934379,-87.89528829569045,8.356895834955361,11
1.7648546695709229,0.7747363115320891,0.05517258644104,0.0036249336995828,0.5560699842170359,0.0226739865237804,19,117,0.6142344384136116,"{'feature_fraction': 0.5560699842170359, 'learning_rate': 0.0226739865237804, 'max_depth': 19, 'num_leaves': 117, 'subsample': 0.6142344384136116}",-94.50717416845116,-106.03725457692512,-96.02324377318163,-94.46735863809788,-81.21790543989502,-90.49226122649,-101.45385628446564,-97.73174922212095,-108.97615653765308,-102.77389007284437,-97.36808499401248,7.631927722691143,10
13.240297198295593,4.921119620482382,0.3090212821960449,0.04351226815655775,0.8500217637026599,0.03757867899740788,2,176,0.798057248447303,"{'feature_fraction': 0.8500217637026599, 'learning_rate': 0.03757867899740788, 'max_depth': 2, 'num_leaves': 176, 'subsample': 0.798057248447303}",-95.66328112929739,-97.8531699254037,-94.30099162597426,-101.51849878340204,-84.89550107233724,-93.44975271907448,-104.32354545511811,-101.63101168413763,-105.86444323169441,-100.33056680697239,-97.98307624334117,5.868786681063661,12
46.47893223762512,15.558441026425792,0.5330576419830322,0.05245791331521978,0.28401020162746504,0.023109348472239177,19,116,0.15390927207375296,"{'feature_fraction': 0.28401020162746504, 'learning_rate': 0.023109348472239177, 'max_depth': 19, 'num_leaves': 116, 'subsample': 0.15390927207375296}",-97.62923594867232,-102.92808083152605,-99.330481145483,-97.59882517322797,-82.79676149503338,-94.40356071778625,-106.23595567174252,-103.38257641264843,-111.92297695399385,-106.78856655631628,-100.301702090643,7.650753972216926,13
55.19850544929504,10.954778076130994,0.5678137063980102,0.0739754040985635,0.2668475130484996,0.021734670410045,15,158,0.5113967237554545,"{'feature_fraction': 0.26684751304849963, 'learning_rate': 0.021734670410045, 'max_depth': 15, 'num_leaves': 158, 'subsample': 0.5113967237554545}",-102.81385134059984,-108.592012582874,-104.48390649564816,-101.84985664892336,-87.71986163861764,-99.50614714701878,-112.34602827669066,-108.68170451591912,-117.52538286025704,-111.73889185719864,-105.5257643363747,7.897530211542708,10
1.3952979564666748,0.6077292264859829,0.0451993227005004,0.0026954367030957,0.6612771975694962,0.0205542455201507,7,36,0.622732829381994,"{'feature_fraction': 0.6612771975694962, 'learning_rate': 0.020554245520150755, 'max_depth': 7, 'num_leaves': 36, 'subsample': 0.622732829381994}",-106.5427741621654,-119.28644813515844,-107.4323709383614,-107.58433569811626,-94.05610253024014,-103.77900926725798,-117.52905207732088,-114.3394190454917,-122.4452036166881,-114.0617334974866,-110.7056448968287,8.033964665083086,11
37.49779999256134,11.263976212421758,0.46151783466339114,0.05647211012444095,0.6406005088236439,0.019790433773355043,7,62,0.23996611919171443,"{'feature_fraction': 0.6406005088236439, 'learning_rate': 0.019790433773355043, 'max_depth': 7, 'num_leaves': 62, 'subsample': 0.23996611919171443}",-109.7907358428932,-121.87824668487883,-109.82300390612399,-108.211700575265,-94.98609453526552,-105.00181907056259,-119.43344100775909,-116.58714337950215,-124.77864543445153,-116.87556925791408,-112.73663996946159,8.473105366826648,14
12.634992551803588,5.051665611044068,0.3028986930847168,0.03178080895792746,0.8159705159683642,0.025601918563697847,2,138,0.9946066635038473,"{'feature_fraction': 0.8159705159683642, 'learning_rate': 0.025601918563697847, 'max_depth': 2, 'num_leaves': 138, 'subsample': 0.9946066635038473}",-115.98327058774782,-119.44058671736386,-114.61834565478168,-121.5891427155825,-106.41336798434213,-113.81997529226416,-125.96949422119255,-123.25785050636065,-127.49934705984829,-120.28235666730752,-118.88737374067912,6.007602868299739,15
45.32292149066925,12.69392390304479,0.4598623752593994,0.051949836134611,0.8653252538069652,0.0176193896309086,7,63,0.8492544170632397,"{'feature_fraction': 0.8653252538069652, 'learning_rate': 0.017619389630908606, 'max_depth': 7, 'num_leaves': 63, 'subsample': 0.8492544170632397}",-123.77027237656468,-137.29668693711548,-122.98124256133264,-119.8400034823135,-107.7216679063357,-117.23968147354118,-134.72908817579992,-132.74788621895493,-138.47897392547907,-128.1702262491032,-126.29757293065404,9.33684102859193,11
37.17166066169739,11.305145548304928,0.38977601528167727,0.044231132837894455,0.9635418545594286,0.017432710909292628,19,41,0.15991768951221166,"{'feature_fraction': 0.9635418545594286, 'learning_rate': 0.017432710909292628, 'max_depth': 19, 'num_leaves': 41, 'subsample': 0.15991768951221166}",-126.81207376195637,-139.35956411628072,-125.92058797137754,-123.16676984052599,-111.10231574834528,-119.91340657060185,-137.6998591042168,-136.09828524651374,-141.9433809311945,-130.497263050712,-129.2513506341725,9.239721647296147,16
2.0113805770874023,0.8029481287477082,0.0588945150375366,0.0033241234479473,0.7756901170392807,0.0160564066135563,18,160,0.6414479738275658,"{'feature_fraction': 0.7756901170392807, 'learning_rate': 0.01605640661355639, 'max_depth': 18, 'num_leaves': 160, 'subsample': 0.6414479738275658}",-134.77951643893903,-149.36017731472637,-133.27939932574074,-128.21391564822125,-117.3607881760463,-126.56143395724092,-144.3400651022807,-142.74260341611438,-150.60190462414275,-137.4281151074539,-136.4667919110906,10.062857512628629,12
11.26216251850128,4.179977089840343,0.2741631984710693,0.0268643397342097,0.3307423354067956,0.0197122000059758,2,54,0.4394038194495185,"{'feature_fraction': 0.33074233540679565, 'learning_rate': 0.01971220000597588, 'max_depth': 2, 'num_leaves': 54, 'subsample': 0.43940381944951856}",-140.7186143739514,-146.90090488661454,-143.76480931287324,-149.46751996475297,-134.7869982592459,-141.22100576963712,-154.26309621312308,-152.4446785172295,-158.5941353558101,-150.16258588818388,-147.23243485414218,6.818047227096853,12
1.0732401847839357,0.4656841739974025,0.0275304794311523,0.001970017109798,0.946661142238306,0.0370657571211,1,161,0.9509284487675128,"{'feature_fraction': 0.9466611422383059, 'learning_rate': 0.03706575712110001, 'max_depth': 1, 'num_leaves': 161, 'subsample': 0.9509284487675127}",-136.06350628063134,-148.01203914324807,-146.73593048540465,-153.2107353211362,-140.092435179483,-144.25540033322892,-156.7967711209626,-156.30229435130806,-160.50635165145206,-152.86583903625424,-149.48413029031093,7.430688644088895,13
49.51049857139587,9.61334557196907,0.5445201873779297,0.07444156713865807,0.517022004702574,0.014486833887239339,10,143,0.24675589081711305,"{'feature_fraction': 0.517022004702574, 'learning_rate': 0.014486833887239339, 'max_depth': 10, 'num_leaves': 143, 'subsample': 0.24675589081711305}",-150.75228641961843,-166.64299725925378,-150.2371644909542,-143.4945991528138,-132.9597181575145,-143.6507273669466,-162.29160058528063,-160.76448534543644,-169.89168993608277,-154.58401599419494,-153.5269284708096,10.999427823817012,17
1.6747658491134645,0.5877584772121585,0.0600586414337158,0.004443263335927,0.3202410475655483,0.0135971721891037,19,157,0.7451727904094498,"{'feature_fraction': 0.3202410475655483, 'learning_rate': 0.013597172189103739, 'max_depth': 19, 'num_leaves': 157, 'subsample': 0.7451727904094498}",-162.57581079700702,-176.93562235426072,-161.87830024174232,-154.56221016630087,-143.40703127443936,-155.91194003380312,-176.47080365580535,-175.76439677149483,-183.5851487044359,-167.23407200577128,-165.83253360050608,11.860845901951098,14
16.370332860946654,4.843827823396775,0.3542997121810913,0.0398715559076491,0.6488135039273247,0.013981961408994,4,113,0.5236547993389047,"{'feature_fraction': 0.6488135039273247, 'learning_rate': 0.013981961408994043, 'max_depth': 4, 'num_leaves': 113, 'subsample': 0.5236547993389047}",-163.53876765796403,-179.02936108182183,-162.46607550229092,-158.7883955947262,-144.61041269734,-155.1812861542787,-180.2157202682675,-182.70452541750063,-185.08507148736723,-164.74558807710116,-167.63652039386585,12.78685330593013,13
71.61307699680329,14.546902156140018,0.4999034643173218,0.0651047297009605,0.9464086724711278,0.0125440514306433,14,131,0.4965057408469846,"{'feature_fraction': 0.9464086724711278, 'learning_rate': 0.012544051430643325, 'max_depth': 14, 'num_leaves': 131, 'subsample': 0.4965057408469846}",-172.32964095942697,-192.296252743644,-171.03451951404185,-163.20366338932078,-152.98389530655072,-163.319487963744,-187.1068486203349,-188.19597414161703,-194.0393908627567,-173.19584653546835,-175.7705520036905,13.277192413695785,14
16.50416581630707,4.6715790626596485,0.3651106595993042,0.0449089180321675,0.2749088743095075,0.0129844265848801,4,115,0.9404285325354323,"{'feature_fraction': 0.2749088743095075, 'learning_rate': 0.01298442658488013, 'max_depth': 4, 'num_leaves': 115, 'subsample': 0.9404285325354325}",-178.10785193804878,-191.6972249181566,-176.0162274816728,-170.98330745984805,-156.65843913668948,-169.13094673823022,-192.6327624667872,-195.59279724668724,-200.19297201130803,-179.6419611928393,-181.0654490590268,13.037621609174638,15
1.383816647529602,0.5340667616166569,0.0587559700012207,0.0036245199392619,0.2743664290049914,0.0118253285084226,7,91,0.937710105907328,"{'feature_fraction': 0.2743664290049914, 'learning_rate': 0.011825328508422646, 'max_depth': 7, 'num_leaves': 91, 'subsample': 0.937710105907328}",-187.11920588640828,-203.57554140623407,-185.58943539515192,-176.78182763853235,-165.08150902084313,-178.51225466584648,-202.5143345155252,-204.1393723122472,-210.5901185029214,-189.94489034696127,-190.38484896906712,13.851614681863138,15
56.05685238838196,15.111523654208996,0.5006788969039917,0.0254307880715369,0.5785963256187501,0.0107459476884538,12,115,0.5694971830911709,"{'feature_fraction': 0.5785963256187501, 'learning_rate': 0.010745947688453805, 'max_depth': 12, 'num_leaves': 115, 'subsample': 0.5694971830911709}",-199.26158218013967,-221.0737702154565,-198.7254800598161,-188.81321641008557,-178.71874921681194,-190.35769524472016,-215.33080599579117,-218.11533272343107,-226.24326817551844,-200.5430244337261,-203.71829246554964,14.937299487062765,16
36.883987641334535,9.78695853579252,0.4517669677734375,0.03386008295028702,0.6930655182980568,0.010350522940877915,18,67,0.2975508979847812,"{'feature_fraction': 0.6930655182980568, 'learning_rate': 0.010350522940877915, 'max_depth': 18, 'num_leaves': 67, 'subsample': 0.2975508979847812}",-206.30548558029653,-230.06089584571575,-206.26689969776496,-196.38286155332963,-185.59996863704072,-197.45905548295585,-223.79769066661507,-228.29269851243387,-234.64821740489242,-207.43435571225217,-211.6248129093297,15.750569401487084,18
1.8448644638061524,0.7726425076423518,0.0528740644454956,0.0029939296442329,0.7688412526636073,0.009948716832761,12,113,0.3747217929900641,"{'feature_fraction': 0.7688412526636073, 'learning_rate': 0.009948716832761016, 'max_depth': 12, 'num_leaves': 113, 'subsample': 0.37472179299006414}",-211.98696600961244,-235.39812102598373,-211.472252204959,-200.83687169680007,-190.9069757391177,-202.115463253796,-229.30624603708384,-233.3771710589779,-240.62243500913584,-212.07394590755607,-216.80964479430227,15.998118469352349,16
56.52684350013733,10.363118815571202,0.5055614709854126,0.044607357060388785,0.7240299864773533,0.009591956282799729,16,145,0.20322600657764203,"{'feature_fraction': 0.7240299864773533, 'learning_rate': 0.009591956282799729, 'max_depth': 16, 'num_leaves': 145, 'subsample': 0.20322600657764203}",-217.863357274203,-241.80662756488346,-217.71677790781152,-206.39019810368188,-196.71849508371994,-207.75591811008422,-235.37395236445806,-239.7033748486354,-247.69776966949792,-218.0969698991769,-222.91234408261525,16.349409624107153,19
0.9538917779922486,0.4069594812013348,0.0307755708694458,0.0023424176569756,0.3089187176153601,0.0103140813022114,2,136,0.6183296523637367,"{'feature_fraction': 0.30891871761536016, 'learning_rate': 0.010314081302211404, 'max_depth': 2, 'num_leaves': 136, 'subsample': 0.6183296523637367}",-228.72804309153364,-249.13446933004263,-237.05629761056736,-234.08312116604804,-219.4482317465745,-227.5822781111098,-253.68814991384883,-259.28107088452845,-267.6269332055325,-239.5449905724659,-241.6173585632252,14.584808890942975,17
22.19659674167633,7.990078841726466,0.3702305793762207,0.0425205181066681,0.996038387509077,0.0082558772792413,4,71,0.5471253786176273,"{'feature_fraction': 0.996038387509077, 'learning_rate': 0.008255877279241356, 'max_depth': 4, 'num_leaves': 71, 'subsample': 0.5471253786176273}",-249.41741103594012,-273.0766501691488,-250.18819050497788,-238.3167263318044,-225.92706474564167,-236.6050187277924,-271.660560889207,-281.3375579108279,-285.3229000926978,-247.30622269965545,-255.9158303107693,19.4539273298213,17
1.9147056818008423,0.7942910536075366,0.0554325342178344,0.0037715026997617,0.7323058305935795,0.0079540649376839,11,153,0.935302495589238,"{'feature_fraction': 0.7323058305935795, 'learning_rate': 0.007954064937683926, 'max_depth': 11, 'num_leaves': 153, 'subsample': 0.935302495589238}",-249.57777366829683,-276.8494735654333,-250.7538715669318,-236.9386964088703,-227.3154939243552,-238.8326922009429,-269.7719832437049,-277.3504857795656,-285.59100087794184,-249.65496541799823,-256.2636436654041,18.828224891057697,18
0.9134651184082032,0.3810959460511221,0.0285367965698242,0.0014360557998073,0.2428668179219408,0.0089673768019479,2,97,0.9324426408004216,"{'feature_fraction': 0.2428668179219408, 'learning_rate': 0.008967376801947964, 'max_depth': 2, 'num_leaves': 97, 'subsample': 0.9324426408004217}",-251.8986685416468,-275.0572627206934,-259.0854519561955,-252.7086795609173,-239.0650179978016,-248.7356188516615,-278.900693816053,-285.56245622249844,-295.35747895372583,-262.18934438892904,-264.8560673010122,17.15027196095603,19
69.48246171474457,11.637541559617588,0.4961796045303345,0.055148332578600356,0.9833060912058098,0.007430475750099704,11,158,0.45653172355805494,"{'feature_fraction': 0.9833060912058098, 'learning_rate': 0.007430475750099704, 'max_depth': 11, 'num_leaves': 158, 'subsample': 0.45653172355805494}",-260.076929631607,-289.8753603350369,-261.7178802602124,-247.6672513575314,-237.82069845828698,-249.380085411872,-282.58411829926223,-291.57911944531224,-298.62374754049966,-260.38825200210084,-267.9713442741721,20.040208033682198,20
20.626561760902405,7.6248775530039135,0.36436944007873534,0.02915805560228002,0.6747115047081023,0.007659996918490516,4,151,0.6868333406560829,"{'feature_fraction': 0.6747115047081023, 'learning_rate': 0.007659996918490516, 'max_depth': 4, 'num_leaves': 151, 'subsample': 0.6868333406560829}",-262.1843656094402,-286.83961965066817,-263.08328618695936,-250.5171052917746,-238.0549125774245,-249.1782145958651,-284.07404619552176,-295.4499923737505,-300.22378720255597,-260.15586764915633,-268.97611973331163,20.17869728124198,21
1.0755578756332398,0.4691014035469284,0.0259643793106079,0.0021732508420099,0.9773730719279554,0.016684217902257,1,146,0.8024840839871092,"{'feature_fraction': 0.9773730719279554, 'learning_rate': 0.016684217902257083, 'max_depth': 1, 'num_leaves': 146, 'subsample': 0.8024840839871092}",-257.6937586423463,-290.3986302759934,-269.24875361442366,-259.9688788214771,-248.9844493109649,-261.7519786992264,-295.7657815432178,-303.1475212656464,-308.6399234592585,-270.5351798117681,-276.6134855444323,19.99249994211432,20
19.7795827627182,5.877902606451543,0.3520009756088257,0.06032205094713338,0.5937697142687299,0.00724214398721317,4,34,0.8593487949563279,"{'feature_fraction': 0.5937697142687299, 'learning_rate': 0.00724214398721317, 'max_depth': 4, 'num_leaves': 34, 'subsample': 0.8593487949563279}",-271.51550952411935,-297.025688604904,-272.72663045925174,-259.25216872683393,-246.82689084138653,-258.18995148726907,-293.91727509321646,-306.0064160598138,-311.2715138893723,-269.42079405267026,-278.6152838738837,20.885510431171753,22
11.272975754737852,4.633362178133117,0.2362778902053833,0.0324547738357897,0.704845519745046,0.0165116600355318,1,148,0.3828069625764095,"{'feature_fraction': 0.704845519745046, 'learning_rate': 0.016511660035531804, 'max_depth': 1, 'num_leaves': 148, 'subsample': 0.38280696257640956}",-260.37580094560303,-292.8104298668752,-271.4219975800053,-261.948642428535,-250.0173646703468,-264.78527273498617,-297.21424846807804,-307.1783029246434,-310.49301352795203,-274.6226030985624,-279.0867676245587,20.160573212513302,18
58.38281972408295,11.418128655266552,0.4742804527282714,0.0467616497306427,0.8506861412184562,0.0066602726193606,13,131,0.1384254264727347,"{'feature_fraction': 0.8506861412184562, 'learning_rate': 0.006660272619360669, 'max_depth': 13, 'num_leaves': 131, 'subsample': 0.13842542647273473}",-278.9543497361326,-310.1398062689898,-281.2115037398115,-265.5693255479974,-255.4679455747031,-267.8636172485089,-302.0329718280099,-312.8117193524,-320.851542773958,-278.86378683620654,-287.37665689067177,21.345670583160228,19
12.01439049243927,4.751770787459128,0.2896142959594726,0.0341901965314285,0.5499499899112276,0.0069054243784235,2,75,0.1992803503589738,"{'feature_fraction': 0.5499499899112276, 'learning_rate': 0.0069054243784235185, 'max_depth': 2, 'num_leaves': 75, 'subsample': 0.19928035035897387}",-288.7464211923334,-318.7769262268493,-296.6645205092961,-286.4886243308723,-272.7434191225226,-282.55313321725004,-318.299020989746,-328.3066983609622,-339.4970083623523,-296.4168427957698,-302.8492615107954,20.851873217814777,20
15.133952069282532,4.603037124779793,0.3200700044631958,0.031982810070189834,0.5902535226199277,0.00627091512747131,3,132,0.5336763489894583,"{'feature_fraction': 0.5902535226199277, 'learning_rate': 0.00627091512747131, 'max_depth': 3, 'num_leaves': 132, 'subsample': 0.5336763489894583}",-296.50308129995153,-322.23951149377814,-299.50712765725757,-286.7230878973527,-274.75378578221205,-284.3595965291636,-319.147988269525,-331.6916414461693,-340.8735384069021,-295.8219648458337,-305.16213236281453,20.875748584722636,23
49.571544480323794,14.551390540008825,0.49479739665985106,0.041966419772879106,0.3989301122097161,0.00566457540310677,8,102,0.6893055369032842,"{'feature_fraction': 0.3989301122097161, 'learning_rate': 0.00566457540310677, 'max_depth': 8, 'num_leaves': 102, 'subsample': 0.6893055369032842}",-306.12289523566625,-337.9712928241737,-309.5997703971712,-291.58019097377695,-280.3786307045054,-294.50982271007456,-331.6740797217105,-344.5683365509715,-353.64817174605076,-306.64586101288575,-315.66990518769865,23.481729799457256,24
32.276907205581665,11.765991509218605,0.3469906091690063,0.016446192890465,0.9811031971111616,0.0055439412316817,15,35,0.6884650850687494,"{'feature_fraction': 0.9811031971111616, 'learning_rate': 0.005543941231681778, 'max_depth': 15, 'num_leaves': 35, 'subsample': 0.6884650850687494}",-311.1968001195158,-343.55719315369066,-314.3151184632686,-297.25037694160136,-285.89193974819,-299.07871818497625,-337.5438989934993,-352.39157710183866,-358.5616917493898,-310.7065804252614,-321.0493894881232,23.880374590350144,21
33.03241531848907,7.013516665978605,0.3620450496673584,0.05470982670169636,0.8129889803826766,0.004776952756270086,13,34,0.39435947513041136,"{'feature_fraction': 0.8129889803826766, 'learning_rate': 0.004776952756270086, 'max_depth': 13, 'num_leaves': 34, 'subsample': 0.39435947513041136}",-332.77502752838524,-367.63677866738664,-337.09181304319685,-318.2956557264416,-306.4894471326636,-320.34067958882423,-360.4014970693585,-377.1768494613321,-384.69256842845147,-332.4598620073828,-343.7360178653424,25.530401845388067,25
55.4415721654892,13.789742441356244,0.5113291263580322,0.0485995783959671,0.4540466620838101,0.0045232311021037,13,135,0.4209972413734975,"{'feature_fraction': 0.45404666208381017, 'learning_rate': 0.00452323110210375, 'max_depth': 13, 'num_leaves': 135, 'subsample': 0.4209972413734975}",-338.5287881109044,-373.6418402642775,-343.40224551377366,-322.939858788994,-311.655188513959,-326.09141070517154,-366.1696982274752,-381.9420157088931,-392.3014879546751,-339.03175227904745,-349.57042860671703,25.88025630402117,22
66.06464347839355,11.898369966466396,0.5189608812332154,0.0438153884942485,0.7176579160958801,0.0042412739495965,15,159,0.8438345453097877,"{'feature_fraction': 0.7176579160958801, 'learning_rate': 0.004241273949596574, 'max_depth': 15, 'num_leaves': 159, 'subsample': 0.8438345453097877}",-346.41955325490585,-383.2798775726233,-351.8097272619754,-330.7356682446717,-319.78855728040475,-333.69163958440384,-374.4776778291107,-391.0128486285402,-401.5619434755228,-346.74778265452784,-357.9525275786686,26.44134599411184,23
1.733349633216858,0.6513458870254558,0.0552469491958618,0.0035248798279957,0.4080607918523892,0.0042424886748968,19,128,0.3504618186055841,"{'feature_fraction': 0.4080607918523892, 'learning_rate': 0.004242488674896828, 'max_depth': 19, 'num_leaves': 128, 'subsample': 0.3504618186055841}",-347.3604483126917,-383.3238905743832,-352.5818422972391,-331.5031940373955,-319.96439397565445,-334.6753349553505,-375.7952978064796,-392.5164188054385,-402.9050323795328,-347.88663685980544,-358.8512490003971,26.638760421058933,21
14.220043849945068,5.079916098770948,0.3057928800582886,0.02570794221362068,0.5552824669879853,0.003939846975004783,3,168,0.6087887387793378,"{'feature_fraction': 0.5552824669879853, 'learning_rate': 0.003939846975004783, 'max_depth': 3, 'num_leaves': 168, 'subsample': 0.6087887387793378}",-361.16306010659,-395.00180893183546,-367.3804963375973,-348.2049664370576,-336.30395238378884,-347.48662823050347,-389.75080276342106,-408.8559925607916,-419.35493139256124,-361.12789164487475,-373.46305307890213,26.686928145099124,26
50.98213219642639,11.10549281259103,0.4967095375061035,0.06300053642891244,0.7394608808799401,0.0037498243713564613,10,122,0.36329677048711095,"{'feature_fraction': 0.7394608808799401, 'learning_rate': 0.0037498243713564613, 'max_depth': 10, 'num_leaves': 122, 'subsample': 0.36329677048711095}",-362.3519829770488,-401.1231196225714,-368.6899103170039,-346.3506699739843,-334.9849791806111,-349.39566366522575,-391.7299347853649,-410.07114820847266,-420.84788589392724,-362.77459364657363,-374.83198882707836,27.78643205772441,27
32.96549141407013,10.641940123231484,0.4590551376342773,0.0464239921745501,0.3653894909394454,0.0037131642495346,10,68,0.6759464955561792,"{'feature_fraction': 0.3653894909394454, 'learning_rate': 0.00371316424953462, 'max_depth': 10, 'num_leaves': 68, 'subsample': 0.6759464955561792}",-365.45140516905406,-402.88775219271736,-371.232068428489,-349.0558026332446,-336.76835929209915,-352.1124727254367,-395.04772072526055,-413.7986195650925,-424.19799047756686,-365.8490966915131,-377.64012879004736,28.077430102217523,24
12.654804158210757,4.654731957081828,0.2754189729690551,0.0251331475463323,0.7596684120694128,0.0039775785208219,2,114,0.5238550485581797,"{'feature_fraction': 0.7596684120694128, 'learning_rate': 0.003977578520821963, 'max_depth': 2, 'num_leaves': 114, 'subsample': 0.5238550485581797}",-363.7783492803402,-401.0425079742541,-373.02793549661067,-354.7562146489914,-341.40591595052507,-353.7195231073103,-397.62209985094063,-414.7463459397868,-426.4902873279848,-368.6520955475497,-379.5241275124294,27.16184535319656,25
1.1750426054000855,0.5223533574058247,0.0367661237716674,0.0018410658257437,0.4117110760894109,0.0036324869566766,10,13,0.284854455525527,"{'feature_fraction': 0.41171107608941093, 'learning_rate': 0.0036324869566766046, 'max_depth': 10, 'num_leaves': 13, 'subsample': 0.284854455525527}",-370.4452642092571,-406.1459763213813,-377.2721882557895,-356.5977285738871,-344.6439771688549,-357.237167103515,-401.2506629330765,-421.2264335377188,-430.7046438160795,-370.8958427928234,-383.6419884712383,27.875836329354364,22
57.48463733196259,16.8826424825014,0.4607290506362915,0.0339394810526793,0.8836442453018885,0.0031628521662642,9,126,0.3378928213745086,"{'feature_fraction': 0.8836442453018885, 'learning_rate': 0.0031628521662642826, 'max_depth': 9, 'num_leaves': 126, 'subsample': 0.3378928213745086}",-381.9644759870812,-423.3841125854615,-389.1889788129112,-365.67275463354696,-353.9054501424569,-368.6832323046498,-413.2706236939164,-433.4854111180685,-444.1324129971708,-382.635950035445,-395.6323402310708,29.37444479026846,26
13.516559052467347,4.239342340584112,0.31207273006439207,0.04559353000387396,0.2053912515346972,0.003230187397122554,12,11,0.44473665268329343,"{'feature_fraction': 0.2053912515346972, 'learning_rate': 0.003230187397122554, 'max_depth': 12, 'num_leaves': 11, 'subsample': 0.44473665268329343}",-385.33010870210524,-422.34727017677875,-392.92918175169495,-371.51509060608294,-359.2042010392639,-372.2711699404817,-417.58931043303033,-438.3355844705313,-448.9784073438059,-386.8130643298471,-399.5313388793622,28.911523761801217,28
1.2640358209609983,0.5080369505204315,0.0546451568603515,0.001517579872093,0.2448948720912231,0.0029400741309033,6,169,0.6926967238793935,"{'feature_fraction': 0.2448948720912231, 'learning_rate': 0.0029400741309033042, 'max_depth': 6, 'num_leaves': 169, 'subsample': 0.6926967238793935}",-393.0803070932408,-432.14881734209627,-399.6687693413883,-375.0582957903089,-362.246657043666,-378.3674066831399,-424.3467431628016,-445.3706100449557,-456.8991644875803,-393.8071337838885,-406.09939047730666,30.252285789571555,23
38.09876153469086,5.344346058309406,0.6038107395172119,0.05469313627280383,0.2919560782374304,0.0024713514468190016,7,194,0.8538761884612464,"{'feature_fraction': 0.2919560782374304, 'learning_rate': 0.0024713514468190016, 'max_depth': 7, 'num_leaves': 194, 'subsample': 0.8538761884612464}",-409.11383269752736,-450.55725563532076,-416.6307245409244,-390.7588182752407,-377.90204683708515,-394.1212453007067,-441.63943507093137,-464.0674962121461,-476.1283955951555,-409.82591383383254,-423.07451639988705,31.51220799093608,29
1.1848824977874757,0.4611291939900563,0.0502628564834594,0.0055488995937293,0.2054942598302706,0.0023420907100434,12,53,0.5165099478703662,"{'feature_fraction': 0.20549425983027061, 'learning_rate': 0.0023420907100434145, 'max_depth': 12, 'num_leaves': 53, 'subsample': 0.5165099478703662}",-414.5792999318377,-456.9311419913344,-423.2218855031925,-397.39147349934046,-384.2245824755465,-400.4249422525989,-448.177058118797,-471.0525419093029,-483.3290712073898,-416.08686315768784,-429.5418860047028,31.77042538888001,24
49.0471517086029,8.072174511787718,0.4622426509857177,0.041265352206799,0.669573534574738,0.0022715751293247,16,101,0.7805446911927795,"{'feature_fraction': 0.669573534574738, 'learning_rate': 0.0022715751293247385, 'max_depth': 16, 'num_leaves': 101, 'subsample': 0.7805446911927795}",-415.6457293675347,-459.25140500856486,-424.3286609915855,-397.80430276200514,-385.2836228229065,-401.1086274085462,-448.6742177905548,-471.7440086743608,-484.5299361715407,-416.2163497643929,-430.4586860761992,31.96462150414969,27
15.276963424682616,6.243827758283577,0.3029515743255615,0.0441300840670717,0.8742336894342166,0.0023358825194833,3,138,0.1187898004363551,"{'feature_fraction': 0.8742336894342166, 'learning_rate': 0.0023358825194833557, 'max_depth': 3, 'num_leaves': 138, 'subsample': 0.11878980043635515}",-415.3118084317185,-456.6241266253082,-424.5860024207705,-400.0391301110144,-387.58937739466495,-400.6932528875143,-448.6430447850072,-472.54720748061465,-484.9194344768224,-416.19110280042673,-430.71444874138615,31.414410799540548,28
1.943156123161316,0.8949961727803071,0.0570835351943969,0.0043111697265086,0.5856137535862266,0.0022144833991983,9,170,0.1180753636155208,"{'feature_fraction': 0.5856137535862266, 'learning_rate': 0.0022144833991983447, 'max_depth': 9, 'num_leaves': 170, 'subsample': 0.11807536361552087}",-417.6026978262191,-461.2622586243751,-426.27550175332186,-399.6873343364399,-387.20663252887744,-402.9492531651543,-450.748903858044,-473.8636541776854,-486.74942187901166,-418.404730903052,-432.475038905218,32.05462969445485,25
11.934411978721618,4.842243569347646,0.24253396987915038,0.03275909428009945,0.9316925890065499,0.004507905710860623,1,35,0.8427648300870915,"{'feature_fraction': 0.9316925890065499, 'learning_rate': 0.004507905710860623, 'max_depth': 1, 'num_leaves': 35, 'subsample': 0.8427648300870915}",-425.7952850645146,-471.0552453509045,-430.4370681996668,-399.253015926392,-386.2361789196834,-406.83717621523317,-464.50077539854743,-487.3324587695941,-500.15896396974347,-417.90613738666883,-438.95123052009484,37.20911190773973,30
45.97607703208924,9.501869607269471,0.485936427116394,0.0669700158337539,0.7458941130666561,0.0020547625125911,7,98,0.3726562945801132,"{'feature_fraction': 0.7458941130666561, 'learning_rate': 0.0020547625125911326, 'max_depth': 7, 'num_leaves': 98, 'subsample': 0.3726562945801132}",-423.9648352288676,-468.5129691547664,-432.7844760774089,-405.8344798830196,-393.070365399563,-408.9289096159635,-457.5034673657828,-481.68537190844006,-494.1983046687796,-424.44087145847055,-439.0924050761062,32.66896502253432,29
27.986697721481324,6.119594109877204,0.3777137517929077,0.0318054916556598,0.3884764370485286,0.0019946384472763,9,29,0.4960982754233622,"{'feature_fraction': 0.38847643704852863, 'learning_rate': 0.0019946384472763175, 'max_depth': 9, 'num_leaves': 29, 'subsample': 0.49609827542336227}",-428.233795451257,-471.30052929459214,-436.9005197611895,-410.099805434604,-396.75535299006464,-412.510976604187,-461.6535672440555,-486.4837783237412,-498.8903196343587,-428.4176510859097,-443.1246295823959,32.83557079304337,30
23.102782011032104,7.265613628230513,0.3497613668441772,0.0351424326638122,0.7180154289988415,0.0019333305020501,16,21,0.1923738894608982,"{'feature_fraction': 0.7180154289988415, 'learning_rate': 0.0019333305020501701, 'max_depth': 16, 'num_leaves': 21, 'subsample': 0.1923738894608982}",-430.580425880358,-473.98632788004016,-439.7911717504363,-413.1066724572317,-400.2073686950093,-415.22300779378855,-465.2755850532756,-490.35387165841377,-502.1739433780631,-430.569369213268,-446.1267743759884,33.04236124179988,31
1.0834559679031373,0.456924666048961,0.0373363494873046,0.0024230375822691,0.3279351625419416,0.0019112758217777,13,12,0.1069521305311907,"{'feature_fraction': 0.32793516254194166, 'learning_rate': 0.0019112758217777871, 'max_depth': 13, 'num_leaves': 12, 'subsample': 0.10695213053119071}",-431.7322861606638,-474.9992281131087,-441.9808375996228,-415.5232760975924,-402.7029128265495,-417.38449546164776,-467.0060132222253,-492.5381893369185,-504.7949237314271,-433.3812864705965,-448.20434490203513,32.95076842013353,26
56.89525215625763,9.330056068386336,0.4601184368133545,0.03760692658046818,0.7704675101784022,0.001786135519762597,10,106,0.8783892363365334,"{'feature_fraction': 0.7704675101784022, 'learning_rate': 0.001786135519762597, 'max_depth': 10, 'num_leaves': 106, 'subsample': 0.8783892363365334}",-434.589277996043,-480.28265508336733,-444.29997887994506,-416.3087775252763,-403.43494285660927,-419.5293215795432,-469.10782427676355,-493.75740732464277,-507.2559020221878,-435.4021049872285,-450.39681925316063,33.44916575747417,31
1.3187909364700316,0.5818040799119724,0.0434884071350097,0.0025458281981037,0.6107473025775657,0.0017874463256238,5,60,0.3694123337985214,"{'feature_fraction': 0.6107473025775657, 'learning_rate': 0.001787446325623842, 'max_depth': 5, 'num_leaves': 60, 'subsample': 0.36941233379852145}",-435.25749393314135,-480.59627133934936,-445.1812243033996,-417.2432058787359,-403.548837521228,-419.7562544601466,-470.2858727879072,-495.65366335764577,-508.62012373322415,-435.9377407101948,-451.2080688024973,33.81913875083918,27
1.8512350559234616,0.7392917676581701,0.0507928371429443,0.0033486057816133,0.6612434258477011,0.0014085771022963,15,140,0.8607850486168974,"{'feature_fraction': 0.6612434258477011, 'learning_rate': 0.0014085771022963802, 'max_depth': 15, 'num_leaves': 140, 'subsample': 0.8607850486168974}",-450.1372656077258,-497.18796631225536,-460.7264090040759,-431.406861406353,-418.2497795682223,-434.6311657404266,-485.6960735919657,-511.6164096805461,-525.8963556245809,-451.249892400491,-466.67981789366434,34.615326971783986,28
1.1331323623657226,0.4460122826165928,0.0475649118423461,0.0026040729677333,0.1808533263327152,0.0012851782533197,17,47,0.4677831327192532,"{'feature_fraction': 0.18085332633271525, 'learning_rate': 0.001285178253319704, 'max_depth': 17, 'num_leaves': 47, 'subsample': 0.4677831327192532}",-456.7988294494508,-503.5131127973336,-467.4973352313313,-438.098836576027,-424.23020326981697,-441.028279264729,-493.03795452944615,-519.7769162593203,-533.7067020108695,-458.3379832579066,-473.6026152646232,35.11243223765268,29
13.021026515960694,4.487087820374416,0.2962499856948852,0.0426339607230281,0.2649404602418841,0.0012865429172738,3,13,0.8037372792899162,"{'feature_fraction': 0.2649404602418841, 'learning_rate': 0.0012865429172738314, 'max_depth': 3, 'num_leaves': 13, 'subsample': 0.8037372792899162}",-457.7293030071712,-503.39387369965135,-468.49165231340265,-439.883950267184,-426.5008432044263,-441.5794338826788,-493.8189007278651,-521.1840905281615,-534.9284485175361,-458.6791050819559,-474.6189601230032,34.91782769232051,32
47.59708735942841,9.55504122347899,0.5221163749694824,0.09356770252091907,0.13484772275355209,0.0011580616718932363,12,124,0.11271266506258251,"{'feature_fraction': 0.13484772275355209, 'learning_rate': 0.0011580616718932363, 'max_depth': 12, 'num_leaves': 124, 'subsample': 0.11271266506258251}",-462.02425822651225,-509.298646141472,-472.95371176469786,-442.8323009472782,-429.03677106159216,-446.10485218306115,-498.64549935239654,-525.4976341877813,-539.957232760537,-463.7091596622454,-479.0060066287573,35.53424842589993,32
1.0768512964248658,0.4639559069606477,0.0261869668960571,0.0019067392044694,0.9500385777897992,0.0022302421654007,1,57,0.4708182521982663,"{'feature_fraction': 0.9500385777897993, 'learning_rate': 0.0022302421654007694, 'max_depth': 1, 'num_leaves': 57, 'subsample': 0.47081825219826634}",-466.4936195007333,-512.4829036579638,-472.19200488481806,-439.27507703098127,-425.93946650328064,-446.0936937699056,-503.76792227506,-530.5982807604994,-546.7212833200788,-460.3658508773882,-480.3930102580709,38.716933506055085,30
53.42008273601532,13.157704504240266,0.5416148424148559,0.0722662231142027,0.3239246880603801,0.001086563324946,17,146,0.6966554062950531,"{'feature_fraction': 0.3239246880603801, 'learning_rate': 0.0010865633249460464, 'max_depth': 17, 'num_leaves': 146, 'subsample': 0.6966554062950531}",-464.2553302389405,-512.2030414962057,-475.4708695400355,-445.0695702130285,-431.4105609779043,-448.3481089571685,-500.9410365239073,-528.0926935445906,-542.7615706675656,-465.655429354512,-481.4208211513858,35.72727608099563,33
51.44864406585693,12.967735337271092,0.3923910856246948,0.0519158607627634,0.9360787635373776,0.0010284625479837,17,89,0.9700121482468193,"{'feature_fraction': 0.9360787635373775, 'learning_rate': 0.001028462547983763, 'max_depth': 17, 'num_leaves': 89, 'subsample': 0.9700121482468191}",-466.2984208118381,-515.3408707789556,-477.9273584103388,-447.3236406296438,-433.67289916167175,-450.4702381962316,-503.2967581525205,-530.7681803092962,-545.3252712720498,-467.5837544473388,-483.8007392169885,35.9502474755956,34
40.52026901245117,13.991194999063808,0.4032421827316284,0.0519001890033174,0.7235101011318682,0.0010328157319309,17,59,0.878345482025909,"{'feature_fraction': 0.7235101011318682, 'learning_rate': 0.0010328157319309905, 'max_depth': 17, 'num_leaves': 59, 'subsample': 0.878345482025909}",-466.5298423735504,-515.1377236872438,-478.0468184072551,-447.6193481072239,-433.7470503666258,-450.6010484815246,-503.2857802657514,-530.9690784811692,-545.4079026516595,-467.717510169944,-483.9062102991948,35.90070058984151,35
18.24934129714966,4.720941598375128,0.2978203296661377,0.0272252267028901,0.5895489368910937,0.0010398132575037,5,10,0.8936977033574206,"{'feature_fraction': 0.5895489368910937, 'learning_rate': 0.001039813257503702, 'max_depth': 5, 'num_leaves': 10, 'subsample': 0.8936977033574206}",-467.26964226799527,-514.6389370773016,-479.06467797415263,-449.18425468356816,-435.6559410898293,-451.1340383592273,-504.3981735908108,-532.4315904496988,-546.705004313967,-468.60676438714097,-484.9089024193692,35.76978473360503,36
2.159301280975342,0.8543818308582998,0.0512622594833374,0.0028013022038568,0.8272719958564209,0.0009541624171184,14,199,0.4253303307632643,"{'feature_fraction': 0.8272719958564209, 'learning_rate': 0.000954162417118455, 'max_depth': 14, 'num_leaves': 199, 'subsample': 0.4253303307632643}",-469.4470150857881,-518.7978541811094,-481.2001138224998,-450.3219909245299,-436.7074596328681,-453.4373053243875,-506.4891296617255,-534.1012740950139,-549.0627149051445,-470.7882662192149,-487.03531238522817,36.14811827755052,31
2.154976415634155,0.8749478280202674,0.0521702289581298,0.0051800633665368,0.9832802589188684,0.0009397991827316,7,199,0.2100519245276767,"{'feature_fraction': 0.9832802589188683, 'learning_rate': 0.000939799182731601, 'max_depth': 7, 'num_leaves': 199, 'subsample': 0.21005192452767676}",-470.2197796333807,-519.7541633062809,-481.74583366709015,-450.90108173383,-437.1154773863071,-454.0161318534538,-507.2947425833568,-535.365177238987,-549.8343170578055,-471.3268443312844,-487.7573548791776,36.33274090690508,32
51.4745934009552,3.5368380530490775,0.20718138217926024,0.11782889575887587,0.9644794300545998,0.0009290583490713017,17,111,0.4598161964275147,"{'feature_fraction': 0.9644794300545998, 'learning_rate': 0.0009290583490713017, 'max_depth': 17, 'num_leaves': 111, 'subsample': 0.4598161964275147}",-470.5824335219556,-520.0918732247636,-482.4001156382833,-451.508945240975,-437.8205667109543,-454.6438045505134,-507.8790017302505,-535.5839164596367,-550.4561430262386,-471.92963150239456,-488.28964316059654,36.2552319819406,33
75.45098388195038,14.245662137935732,0.46815052032470705,0.03850426465118294,0.9073605288848414,0.0008825400222245912,10,195,0.6778572152845355,"{'feature_fraction': 0.9073605288848414, 'learning_rate': 0.0008825400222245912, 'max_depth': 10, 'num_leaves': 195, 'subsample': 0.6778572152845355}",-472.4975287782784,-522.449032542965,-484.4990669178841,-453.4054860823066,-439.6725368571093,-456.5070752502518,-509.91879466949104,-537.7348109515443,-552.7580248648743,-473.98242083623126,-490.34247777509364,36.40419571256527,34
68.10213952064514,19.50681888747683,0.43830718994140627,0.05608560460632291,0.9463109166860171,0.0008706037847015431,12,166,0.12738759319792617,"{'feature_fraction': 0.9463109166860171, 'learning_rate': 0.0008706037847015431, 'max_depth': 12, 'num_leaves': 166, 'subsample': 0.12738759319792617}",-473.06222476602306,-522.8934352943287,-485.0759391255357,-453.93277669559905,-440.2420110301978,-456.97238593320844,-510.525307925073,-538.3777158963659,-553.4426310319628,-474.53157771861214,-490.9056005416907,36.43949519748911,35
1.2493458986282349,0.5537957199035735,0.0358835458755493,0.0021224963278549,0.7364104112637804,0.000877138034328,4,160,0.7044173792778172,"{'feature_fraction': 0.7364104112637804, 'learning_rate': 0.0008771380343280551, 'max_depth': 4, 'num_leaves': 160, 'subsample': 0.7044173792778172}",-474.2533388594341,-522.4310424871256,-485.6497774071021,-454.67476521774194,-440.5063049333873,-456.9766747282734,-511.0815343707961,-539.906143555074,-554.2763775033953,-474.6023274910799,-491.43582865534097,36.59190020564488,33
15.156479597091677,5.827614924903488,0.3243306398391724,0.0329431882680537,0.8301220295167696,0.000862650714651,3,79,0.3187493737367718,"{'feature_fraction': 0.8301220295167696, 'learning_rate': 0.0008626507146510403, 'max_depth': 3, 'num_leaves': 79, 'subsample': 0.3187493737367718}",-474.6072621734587,-523.2681723401623,-486.88720408897865,-456.2566613775602,-442.6750440357416,-458.3507009215028,-512.147074482334,-540.9247526645331,-555.5070191335369,-476.02629473780087,-492.6650185955609,36.37660477977885,37
1.9979222297668453,0.8768668326666,0.0570648193359375,0.0044183072435791,0.5319450186421157,0.0007476312062252,10,197,0.4663618432936917,"{'feature_fraction': 0.5319450186421157, 'learning_rate': 0.0007476312062252298, 'max_depth': 10, 'num_leaves': 197, 'subsample': 0.4663618432936917}",-478.8421395720511,-528.7603908114536,-491.1330690970909,-459.3884415585092,-445.505266019909,-462.57206942512846,-516.4559579032025,-544.9596758956112,-560.2991737308031,-480.3114606212041,-496.8227644634964,36.862059064805536,34
13.279894828796388,4.414153587295164,0.3026071786880493,0.0506675870886885,0.2201965612131689,0.0007734292502064,3,131,0.417983179393976,"{'feature_fraction': 0.2201965612131689, 'learning_rate': 0.0007734292502064638, 'max_depth': 3, 'num_leaves': 131, 'subsample': 0.417983179393976}",-479.6641062960408,-528.1463999981526,-491.4885907947749,-460.5896438249744,-446.6339218077822,-462.8948289582404,-517.0781756710298,-546.0622153131208,-560.9801248215194,-480.7824101491768,-497.4320417634812,36.73072247782828,38
1.0901239156723022,0.4938036533515398,0.0330299854278564,0.0011131054808086,0.4594911512197551,0.0007599334001601,3,59,0.9670723185801036,"{'feature_fraction': 0.45949115121975515, 'learning_rate': 0.0007599334001601089, 'max_depth': 3, 'num_leaves': 59, 'subsample': 0.9670723185801037}",-479.2962742515337,-528.4250695390368,-491.7489866469837,-460.7416514037903,-446.9414820231759,-462.8894509460618,-517.1020421216791,-546.1677071805758,-561.0098864729792,-480.766755090027,-497.50893056758434,36.73190968910604,35
39.374538040161134,13.272416359402555,0.3510656595230103,0.0294308213768953,0.8163272041185655,0.0007382751981499,15,52,0.6528214798875714,"{'feature_fraction': 0.8163272041185655, 'learning_rate': 0.0007382751981499334, 'max_depth': 15, 'num_leaves': 52, 'subsample': 0.6528214798875714}",-479.4143771982515,-529.4618456167427,-491.8488299501778,-460.36583221110135,-446.1952741844058,-463.2603146651693,-517.2140175310843,-546.1120470488173,-560.9736424174409,-480.8766790199291,-497.5722859843119,36.90666856477824,39
1.035006332397461,0.4969215645302719,0.0259921312332153,0.0026651128756358,0.3944488920695856,0.0014298589094443,1,76,0.2694927466860924,"{'feature_fraction': 0.39444889206958567, 'learning_rate': 0.0014298589094443965, 'max_depth': 1, 'num_leaves': 76, 'subsample': 0.26949274668609247}",-482.1431423347545,-530.3118937659818,-490.6490449398249,-457.2021380273309,-443.591641220472,-462.9569325981847,-520.7894422255216,-549.5141699160619,-565.4282078214252,-478.6332460463581,-498.12198588959166,39.11117553313443,36
10.912955975532531,4.431346724432375,0.2485787391662597,0.0619500145919356,0.5246854687515062,0.0013258974672122,1,146,0.3776287062947319,"{'feature_fraction': 0.5246854687515062, 'learning_rate': 0.0013258974672122946, 'max_depth': 1, 'num_leaves': 146, 'subsample': 0.3776287062947319}",-484.2759835465483,-532.821328864365,-493.1471051070269,-459.65001336997386,-445.9782357635745,-465.2695268511693,-523.0580162140712,-552.0436958754597,-568.0312349726015,-481.1167864076416,-500.5391926972432,39.17430341384042,40
27.443307042121887,8.470341903606439,0.3479623317718506,0.03685210482288961,0.46081475442722775,0.0006667076734729989,15,29,0.2616185247557571,"{'feature_fraction': 0.46081475442722775, 'learning_rate': 0.0006667076734729989, 'max_depth': 15, 'num_leaves': 29, 'subsample': 0.2616185247557571}",-483.1690415202897,-533.0434921520732,-495.5103047088619,-463.67707243267665,-449.4258553237464,-466.46719251933695,-520.8525362699083,-550.0807406685549,-565.1954583489209,-484.40074240141155,-501.182243634578,37.17468996067736,36
1.465424418449402,0.6118054023085113,0.0446505546569824,0.0038441272821464,0.488677289689482,0.0006516990611177,13,50,0.3962735057040824,"{'feature_fraction': 0.488677289689482, 'learning_rate': 0.0006516990611177173, 'max_depth': 13, 'num_leaves': 50, 'subsample': 0.3962735057040824}",-483.49453989676056,-533.8028783027728,-496.0576028286272,-464.155108467048,-449.9217509625565,-467.0922293882608,-521.4059131823894,-550.5165101116172,-565.7966955860717,-484.9658957994675,-501.7209124525572,37.20478583196361,37
43.45881059169769,7.014479661093715,0.5106915235519409,0.039301913722708304,0.16653648135411495,0.0006038725600589773,13,115,0.2934342826233277,"{'feature_fraction': 0.16653648135411495, 'learning_rate': 0.0006038725600589773, 'max_depth': 13, 'num_leaves': 115, 'subsample': 0.2934342826233277}",-485.7870566204017,-536.2212318464258,-498.51187433038876,-466.2566904627241,-452.0418444873466,-469.4435245059938,-524.1733550091474,-553.2086093424824,-568.7003536044815,-487.6171924483352,-504.1961732657727,37.41790311515397,37
1.0112059593200684,0.4836085341330098,0.0258265972137451,0.0020403351591269,0.5343943655104286,0.00112262632785,1,37,0.7689240596630996,"{'feature_fraction': 0.5343943655104286, 'learning_rate': 0.0011226263278500933, 'max_depth': 1, 'num_leaves': 37, 'subsample': 0.7689240596630996}",-488.5109286363556,-537.8192897384524,-498.2067072314407,-464.5255889089339,-450.7264381799254,-469.8188219472015,-527.673989409929,-557.1439195376961,-573.1235814021475,-486.1460485141799,-505.3695313506261,39.29972426240292,38
1.5778711795806886,0.6285000781676042,0.0612630605697631,0.002506965800568,0.330893825622149,0.0005285382203816,7,181,0.5951769101112702,"{'feature_fraction': 0.330893825622149, 'learning_rate': 0.0005285382203816724, 'max_depth': 7, 'num_leaves': 181, 'subsample': 0.5951769101112702}",-489.004729449637,-539.8043333359531,-501.7586582745033,-469.2165024265175,-454.9595305297652,-472.3534992082208,-527.2915342910146,-556.7980614808381,-572.3668811252576,-490.57856793543664,-507.4132298057143,37.67756250219373,39
61.82928490638733,18.30848492526249,0.5831905841827393,0.05529116511455837,0.5081368027612811,0.0005141394643249996,8,186,0.4013604954098934,"{'feature_fraction': 0.5081368027612811, 'learning_rate': 0.0005141394643249996, 'max_depth': 8, 'num_leaves': 186, 'subsample': 0.4013604954098934}",-489.4630157635556,-540.505879644341,-502.3739222065919,-469.74830842621145,-455.54668416246255,-472.878286282561,-527.8112574104301,-557.3134706145249,-572.9832589906372,-491.0268862117087,-507.9650969713025,37.70302963312474,38
2.192920279502869,0.8930466456022347,0.0432257413864135,0.0031311630112317,0.964167565071903,0.0004904060335291,16,156,0.6720041992091831,"{'feature_fraction': 0.964167565071903, 'learning_rate': 0.0004904060335291481, 'max_depth': 16, 'num_leaves': 156, 'subsample': 0.6720041992091831}",-490.36911630149547,-541.8280456193603,-503.4437767846763,-470.7983038429189,-456.648385651793,-473.82171566325,-528.9564198948087,-558.4103548504364,-574.1542406898388,-492.004919589469,-509.0435278888047,37.77137220003248,40
13.011170268058777,4.997966071533069,0.2815295457839966,0.04305708752713374,0.9006326726806163,0.0004999456817298073,2,140,0.48786064406417173,"{'feature_fraction': 0.9006326726806163, 'learning_rate': 0.0004999456817298073, 'max_depth': 2, 'num_leaves': 140, 'subsample': 0.48786064406417173}",-490.6490702109875,-542.2478022410842,-504.68088608224537,-472.5155381884414,-458.55562770709173,-475.25149992197396,-530.7211848407399,-560.3086388311509,-575.884722213278,-493.66254160247695,-510.447751183947,37.77270149270128,39
42.92934181690216,12.14357248551276,0.41558046340942384,0.04701941276936631,0.8642416087544277,0.0004347114649934904,11,80,0.8527555537388138,"{'feature_fraction': 0.8642416087544277, 'learning_rate': 0.0004347114649934904, 'max_depth': 11, 'num_leaves': 80, 'subsample': 0.8527555537388138}",-493.1158423643133,-544.7466593242449,-506.32669600352074,-473.4457608169171,-459.10693502309203,-476.48231740307097,-531.8309797747137,-561.6711394592464,-577.4043820932566,-494.7105405591439,-511.88412528215196,38.00495643031105,40
1.8952918529510496,0.7282469750465682,0.0514031410217285,0.0039470812877115,0.6398410913016731,0.0004066152607618,13,169,0.698865466488536,"{'feature_fraction': 0.6398410913016731, 'learning_rate': 0.0004066152607618108, 'max_depth': 13, 'num_leaves': 169, 'subsample': 0.698865466488536}",-494.3853149287683,-546.0156619528711,-507.672728258081,-474.6386429840536,-460.3573489255213,-477.712836402679,-533.120398657815,-562.9930801754116,-578.9276882403175,-496.0640720233714,-513.188777254889,38.06575162780174,41
0.8034360647201538,0.3237905670989887,0.0269205331802368,0.0018582605519962,0.1514787512499893,0.0006853925708853,1,138,0.3395618906669724,"{'feature_fraction': 0.15147875124998936, 'learning_rate': 0.0006853925708853051, 'max_depth': 1, 'num_leaves': 138, 'subsample': 0.3395618906669724}",-497.9523472239841,-548.7617483164624,-509.3978591442908,-475.3596833123797,-461.1719363692227,-479.8074176292719,-537.6739139185784,-567.8812616191279,-583.9576553538337,-497.2232640274637,-515.9187086914615,39.42392625288956,42
1.0970721006393434,0.4752800526967292,0.0313676118850708,0.0015242145262065,0.4207800649717358,0.0003627066608804,3,157,0.4259589052018847,"{'feature_fraction': 0.4207800649717358, 'learning_rate': 0.00036270666088044067, 'max_depth': 3, 'num_leaves': 157, 'subsample': 0.42595890520188473}",-496.9571468291732,-548.3618983523813,-510.4532662587781,-477.585529162089,-463.24742063373895,-480.1499081328096,-535.946524835348,-566.3416322593496,-582.0980931540263,-498.6511159306155,-515.979253554831,38.19228383840388,43
1.822245216369629,0.7656941238866409,0.0545318841934204,0.0043293007372028,0.5938937151834346,0.0003439284699685,8,144,0.8209399242521292,"{'feature_fraction': 0.5938937151834346, 'learning_rate': 0.0003439284699685041, 'max_depth': 8, 'num_leaves': 144, 'subsample': 0.8209399242521292}",-497.3174450535229,-549.2606724912237,-510.75546322895633,-477.49612393966765,-463.1038150275534,-480.57667869119615,-536.2650076325847,-566.4514334868144,-582.421634919689,-499.01786243252633,-516.2666136903734,38.30628582502376,44
1.802556085586548,0.6609480252015315,0.0653350114822387,0.005290027722132,0.3441255222477741,0.0003197960730603,9,189,0.4636296023792939,"{'feature_fraction': 0.34412552224777415, 'learning_rate': 0.0003197960730603826, 'max_depth': 9, 'num_leaves': 189, 'subsample': 0.46362960237929396}",-498.5380646595461,-550.4312898777497,-511.99906716643625,-478.6487558745917,-464.20143193416897,-481.7390522508703,-537.5772457378913,-567.8423288961537,-583.8852621943945,-500.2860370402237,-517.5148535632027,38.39798724543676,45
1.472175455093384,0.5575043981125714,0.0542865276336669,0.0037854401230341,0.2560186404424365,0.0002937538457632,11,97,0.4337086111390218,"{'feature_fraction': 0.2560186404424365, 'learning_rate': 0.00029375384576328276, 'max_depth': 11, 'num_leaves': 97, 'subsample': 0.4337086111390218}",-499.86155527033367,-551.9069508745407,-513.4054599008082,-479.9565735556272,-465.4318093410469,-483.0003038284641,-538.9982048224463,-569.4020280047957,-585.4579108529387,-501.60779081427125,-518.9028587265273,38.50935704348916,46
28.02616217136383,8.991882976549487,0.3671978235244751,0.05828894495349283,0.872739146777577,0.00028760038803092727,17,32,0.9859420993107745,"{'feature_fraction': 0.872739146777577, 'learning_rate': 0.00028760038803092727, 'max_depth': 17, 'num_leaves': 32, 'subsample': 0.9859420993107745}",-500.1355515509762,-552.2861584961735,-513.7726448940915,-480.3624970685019,-465.78679893195465,-483.25992379209123,-539.2910165890527,-569.8874336071004,-585.7864156912739,-501.7877514516208,-519.2356192072837,38.53622109439776,41
49.04244775772095,14.31999542167718,0.4964031934738159,0.04978738622040605,0.3896296405458124,0.00026690727196422435,17,119,0.13417131118583905,"{'feature_fraction': 0.3896296405458124, 'learning_rate': 0.00026690727196422435, 'max_depth': 17, 'num_leaves': 119, 'subsample': 0.13417131118583905}",-500.9904274866246,-553.2551367576426,-514.6745212636973,-481.10900125533084,-466.59554752876346,-484.1609189515863,-540.220465676783,-570.7284295513516,-586.8699607783062,-502.76492489067465,-520.1369334140761,38.59443807990548,42
28.19566254615784,8.31017338673549,0.4013685464859008,0.0456810250294723,0.3212626851837827,0.0002653332733131,13,45,0.991923355015672,"{'feature_fraction': 0.32126268518378276, 'learning_rate': 0.00026533327331316515, 'max_depth': 13, 'num_leaves': 45, 'subsample': 0.9919233550156721}",-501.22752535638745,-553.4000735870018,-514.8589119482152,-481.3795336821251,-466.7886095178106,-484.3331912018013,-540.4324582631546,-570.9976328803396,-587.0841000550232,-502.9758246958057,-520.3477861187664,38.596176798918194,41
11.753230690956116,4.56170673304365,0.2336791753768921,0.027739382298044,0.7874882763878153,0.0004431217133292,1,180,0.9802976031150046,"{'feature_fraction': 0.7874882763878153, 'learning_rate': 0.0004431217133292754, 'max_depth': 1, 'num_leaves': 180, 'subsample': 0.9802976031150046}",-503.3601082001171,-555.3181263770481,-515.9299327893953,-481.64068168555855,-467.3980942308002,-485.7016286048397,-543.3671351467094,-574.4646442996215,-590.4886590719909,-503.6039301698008,-522.1272940575882,39.57302922025943,42
12.328430986404419,4.646747564300093,0.2733201503753662,0.02287331968200086,0.7997583600209311,0.00020276980638814947,2,123,0.5930595935447459,"{'feature_fraction': 0.7997583600209311, 'learning_rate': 0.00020276980638814947, 'max_depth': 2, 'num_leaves': 123, 'subsample': 0.5930595935447459}",-504.1737855016278,-557.0066227800849,-518.5165875878142,-484.85143741830007,-470.5075378054691,-487.7605094128034,-544.2615307659955,-575.0840575204596,-591.3081793287696,-506.5401497708721,-524.0010397892195,38.82690537208867,43
0.9414751529693604,0.4066423746672235,0.024501085281372,0.0022694062132587,0.3123391106782761,0.000351135631397,1,67,0.6247564316322378,"{'feature_fraction': 0.31233911067827613, 'learning_rate': 0.0003511356313970403, 'max_depth': 1, 'num_leaves': 67, 'subsample': 0.6247564316322378}",-505.459457275927,-557.7116177297884,-518.4888401832637,-484.1350418676259,-469.7327924615499,-487.89354509982496,-545.4553748546133,-576.52067331294,-592.7796933303733,-506.04407698572527,-524.4221113101632,39.5201877590344,47
64.93817222118378,12.067379955185023,0.504825210571289,0.034157857102939,0.51426299451467,0.000155755176415,19,184,0.6666014542065751,"{'feature_fraction': 0.51426299451467, 'learning_rate': 0.00015575517641504746, 'max_depth': 19, 'num_leaves': 184, 'subsample': 0.6666014542065751}",-506.1945569111065,-559.0563815026596,-520.2277108875276,-486.21038049037656,-471.5890347026566,-489.22813288180384,-545.7792347811574,-576.7249983163754,-593.0985864823128,-508.0382271236545,-525.614724407963,38.98953864173621,43
33.6396744966507,5.3446819384536335,0.2690199136734009,0.1271067198780876,0.7772633053384269,0.0001545663206696,7,48,0.1092400734865407,"{'feature_fraction': 0.7772633053384269, 'learning_rate': 0.00015456632066963678, 'max_depth': 7, 'num_leaves': 48, 'subsample': 0.10924007348654077}",-506.2820113940966,-559.1819355926227,-520.3525072076601,-486.3879065843923,-471.7079117325168,-489.33879829421306,-545.9172465206174,-576.9495343322421,-593.2275411861401,-508.1340965851589,-525.747948942966,39.00407140535829,44
18.02382695674896,7.300345988241397,0.3417350769042969,0.0517799742053715,0.5200753697906106,0.0001418287728214,4,41,0.1166279737338672,"{'feature_fraction': 0.5200753697906106, 'learning_rate': 0.0001418287728214096, 'max_depth': 4, 'num_leaves': 41, 'subsample': 0.11662797373386727}",-507.0558745640758,-559.8069629916452,-521.0347956669324,-487.0073147773347,-472.3020213441748,-489.8832768268775,-546.6318918510486,-577.7636582065454,-594.0539848224438,-508.7443912735186,-526.4284172324597,39.07323986623129,45
1.854741144180298,0.7561458441414475,0.0481489181518554,0.003633970324561,0.6924145688620424,0.00013783237455,19,144,0.2705241236872915,"{'feature_fraction': 0.6924145688620424, 'learning_rate': 0.00013783237455007176, 'max_depth': 19, 'num_leaves': 144, 'subsample': 0.2705241236872915}",-507.035656612539,-560.0280068824862,-521.1290844290326,-487.04537688415706,-472.40464229182345,-490.0540586396725,-546.6915983286608,-577.7090683277286,-594.1133219769608,-508.8830822505416,-526.5093896623603,39.05778006450242,48
20.54565269947052,7.298969865201954,0.3750108242034912,0.0479816679976748,0.8316937564646905,0.0001370389149969,4,68,0.3869150433006045,"{'feature_fraction': 0.8316937564646905, 'learning_rate': 0.00013703891499696312, 'max_depth': 4, 'num_leaves': 68, 'subsample': 0.38691504330060456}",-507.2606240700734,-560.0407127440119,-521.2660599789393,-487.22055645267466,-472.5016128075643,-490.0705455580566,-546.8517132304613,-578.0159254037817,-594.292212053155,-508.93926243781,-526.6459224736528,39.09010893836264,46
39.44765284061432,9.02175430626158,0.44831788539886475,0.03635491558405968,0.7511205589027862,0.00013153777949172663,6,89,0.8625731346670644,"{'feature_fraction': 0.7511205589027862, 'learning_rate': 0.00013153777949172663, 'max_depth': 6, 'num_leaves': 89, 'subsample': 0.8625731346670644}",-507.3750259340724,-560.3640450092721,-521.4656125448588,-487.36107618477945,-472.65779791565257,-490.3395223470133,-547.0241647266928,-578.149677705196,-594.5026240839122,-509.19014138640216,-526.8429687837853,39.09992815554978,44
50.219118213653566,10.668983818887714,0.5802083015441895,0.049622226819023736,0.18504421136977792,0.0001309677449377759,16,131,0.7705280400689455,"{'feature_fraction': 0.18504421136977792, 'learning_rate': 0.0001309677449377759, 'max_depth': 16, 'num_leaves': 131, 'subsample': 0.7705280400689455}",-507.46909067384183,-560.4138011713743,-521.5535622615279,-487.45670903519215,-472.7686322939029,-490.47102131895895,-547.1792932178827,-578.2347897461304,-594.6211326035512,-509.37126702819216,-526.9539299350554,39.09252835302434,45
29.65836622714996,12.110483804758196,0.4283629417419433,0.0221442457550321,0.2399725854932017,0.0001257960938353,10,51,0.4732907507832548,"{'feature_fraction': 0.2399725854932017, 'learning_rate': 0.00012579609383535584, 'max_depth': 10, 'num_leaves': 51, 'subsample': 0.4732907507832548}",-507.7423360526338,-560.6947152060134,-521.8513770535635,-487.7558680592546,-473.0447494736424,-490.72828613394927,-547.4462396971479,-578.5566692207625,-594.945728380574,-509.630474849421,-527.2396444126964,39.10689827033617,47
23.029665303230285,7.265988434806594,0.31230826377868653,0.03679744999587062,0.8924035857960191,0.00012285817917393624,12,17,0.6407881896009646,"{'feature_fraction': 0.8924035857960191, 'learning_rate': 0.00012285817917393624, 'max_depth': 12, 'num_leaves': 17, 'subsample': 0.6407881896009646}",-507.9101879981572,-560.7861487687017,-522.0421307498226,-487.9970843737962,-473.3572250335676,-490.9074400120465,-547.6243304712358,-578.8020156643792,-595.1435869659226,-509.7055440016373,-527.4275694039268,39.09166559447889,46
50.55789713859558,6.465092675840585,0.6954344511032104,0.070220075923419,0.12621098687771928,0.00012159604909913687,14,187,0.3887178327056099,"{'feature_fraction': 0.12621098687771928, 'learning_rate': 0.00012159604909913687, 'max_depth': 14, 'num_leaves': 187, 'subsample': 0.3887178327056099}",-507.93775113318446,-560.8975195306073,-522.0450870521403,-487.9097916040957,-473.2036550236876,-490.9217513565405,-547.6794244070098,-578.7634427645768,-595.1794829603616,-509.856745751169,-527.4394651583373,39.12567934529615,47
2.06329927444458,0.8765503221666558,0.0552239179611206,0.0047580578539169,0.5275410183585496,0.0001191948194791,13,188,0.1314291856867342,"{'feature_fraction': 0.5275410183585496, 'learning_rate': 0.00011919481947918717, 'max_depth': 13, 'num_leaves': 188, 'subsample': 0.13142918568673426}",-507.9329315460808,-560.9897801524651,-522.0775387777159,-487.9171174634436,-473.2466356748607,-490.9227844912017,-547.6468013871179,-578.7476656112868,-595.1854404263347,-509.7981939567065,-527.4464889487214,39.12649286409097,49
21.40535488128662,4.034292955955656,0.3237342119216919,0.09587683679583894,0.34021762915560116,0.00011735624152132181,11,36,0.23019472078918937,"{'feature_fraction': 0.34021762915560116, 'learning_rate': 0.00011735624152132181, 'max_depth': 11, 'num_leaves': 36, 'subsample': 0.23019472078918937}",-508.12809939318214,-561.1335095362167,-522.2460691270707,-488.128397318145,-473.4068182807104,-491.08281338014183,-547.8379375330785,-578.9970350542319,-595.3940796216207,-509.97481196695946,-527.6329571211356,39.13902398348255,48
49.77122383117676,9.310339236376926,0.4562718868255615,0.0634762686525404,0.7063932141279243,0.0001141772542773,14,81,0.390077607210444,"{'feature_fraction': 0.7063932141279243, 'learning_rate': 0.00011417725427734143, 'max_depth': 14, 'num_leaves': 81, 'subsample': 0.39007760721044404}",-508.197806938021,-561.3055630820525,-522.354816667265,-488.1768699061968,-473.478529997214,-491.17408790033545,-547.9280015747606,-579.0713795803814,-595.4897096145793,-510.0374458548273,-527.7214211115634,39.15357571557964,48
1.4714253425598145,0.5624529039600343,0.0565153837203979,0.0063972623560336,0.2652669390630024,0.0001114061638997,9,97,0.4948815181755697,"{'feature_fraction': 0.26526693906300247, 'learning_rate': 0.00011140616389973682, 'max_depth': 9, 'num_leaves': 97, 'subsample': 0.4948815181755697}",-508.3744119333434,-561.4301611024345,-522.5121801403434,-488.33281474768455,-473.6233234772225,-491.33407210024217,-548.1271206158875,-579.2764416646189,-595.702322062333,-510.244954727092,-527.8957802571201,39.16716256146436,50
1.6298895120620729,0.6458944282239648,0.0504017353057861,0.0030824516025155,0.3934881747180381,0.0001102146861155,19,90,0.81134195274865,"{'feature_fraction': 0.3934881747180381, 'learning_rate': 0.00011021468611551655, 'max_depth': 19, 'num_leaves': 90, 'subsample': 0.81134195274865}",-508.407914063895,-561.4969927975812,-522.5648720837921,-488.3742540339963,-473.6655731888941,-491.3716176216661,-548.1490758998187,-579.3096088352223,-595.7478483931623,-510.2646361590648,-527.9352393077094,39.1694273900224,51
9.661682844161987,3.19991262644121,0.2543205261230469,0.040585769599110255,0.22134345574073735,0.00013603655823905375,1,18,0.32570933860785467,"{'feature_fraction': 0.22134345574073735, 'learning_rate': 0.00013603655823905375, 'max_depth': 1, 'num_leaves': 18, 'subsample': 0.32570933860785467}",-510.4446174346074,-563.5737017680192,-524.3306107754602,-489.81542960707964,-475.1589808187819,-493.1139290723614,-550.4953526768642,-581.8468228201772,-598.3858778055966,-511.84522408677987,-529.9010546865727,39.546107913029566,49
0.176380705833435,0.106928264041302,0.0,0.0,1.0695846277645586,0.0211542907972612,2,199,1.0266588657937945,"{'feature_fraction': 1.0695846277645586, 'learning_rate': 0.021154290797261225, 'max_depth': 2, 'num_leaves': 199, 'subsample': 1.0266588657937943}",,,,,,,,,,,,,52
0.1773799896240234,0.1076112348703797,0.0,0.0,0.8901755405312056,0.0065747603034573,10,50,1.0149596755437809,"{'feature_fraction': 0.8901755405312056, 'learning_rate': 0.006574760303457343, 'max_depth': 10, 'num_leaves': 50, 'subsample': 1.0149596755437809}",,,,,,,,,,,,,52
0.1788438320159912,0.1080235834465617,0.0,0.0,1.0717820827209608,0.0771510577781304,7,139,0.812270589924442,"{'feature_fraction': 1.0717820827209608, 'learning_rate': 0.07715105777813046, 'max_depth': 7, 'num_leaves': 139, 'subsample': 0.812270589924442}",,,,,,,,,,,,,52
0.1798312187194824,0.1076209736822022,0.0,0.0,0.7957843993450822,0.000484897634401,16,99,1.0821683433294356,"{'feature_fraction': 0.7957843993450822, 'learning_rate': 0.00048489763440102783, 'max_depth': 16, 'num_leaves': 99, 'subsample': 1.0821683433294356}",,,,,,,,,,,,,52
0.1787423849105835,0.1080738343976373,0.0,0.0,0.6166358912710143,0.0006060207917719,1,57,1.0654193512887935,"{'feature_fraction': 0.6166358912710143, 'learning_rate': 0.000606020791771923, 'max_depth': 1, 'num_leaves': 57, 'subsample': 1.0654193512887937}",,,,,,,,,,,,,52
0.1780719518661499,0.1074732276458202,0.0,0.0,1.0356349942209475,0.0226997959517568,8,93,0.6806866214364546,"{'feature_fraction': 1.0356349942209475, 'learning_rate': 0.02269979595175687, 'max_depth': 8, 'num_leaves': 93, 'subsample': 0.6806866214364546}",,,,,,,,,,,,,52
0.1783816576004028,0.1078064274487634,0.0,0.0,0.6898708475605438,0.0864327985232539,19,191,1.006098787718554,"{'feature_fraction': 0.6898708475605438, 'learning_rate': 0.08643279852325393, 'max_depth': 19, 'num_leaves': 191, 'subsample': 1.006098787718554}",,,,,,,,,,,,,52
0.1780561447143554,0.1075024740991174,0.0,0.0,0.868554014306309,0.0001351485265737,12,167,1.0539285770025877,"{'feature_fraction': 0.868554014306309, 'learning_rate': 0.0001351485265737902, 'max_depth': 12, 'num_leaves': 167, 'subsample': 1.0539285770025875}",,,,,,,,,,,,,52
0.1778166055679321,0.1076497058184541,0.0,0.0,1.0148643902204486,0.0012896625857891,9,46,1.0283185625877254,"{'feature_fraction': 1.0148643902204486, 'learning_rate': 0.001289662585789145, 'max_depth': 9, 'num_leaves': 46, 'subsample': 1.0283185625877254}",,,,,,,,,,,,,52
1.5572139978408814,0.8626362438879668,0.0,0.0,1.078618342232764,0.0249732861040605,15,177,0.7399210213275238,"{'feature_fraction': 1.078618342232764, 'learning_rate': 0.024973286104060577, 'max_depth': 15, 'num_leaves': 177, 'subsample': 0.7399210213275238}",,,,,,,,,,,,,49
1.5158681631088258,0.7239224578686869,0.0,0.0,0.717635497075877,0.0068594164113286,18,89,1.0025984755294046,"{'feature_fraction': 0.717635497075877, 'learning_rate': 0.006859416411328695, 'max_depth': 18, 'num_leaves': 89, 'subsample': 1.0025984755294046}",,,,,,,,,,,,,49
1.5727677822113038,0.8452327402503971,0.0,0.0,1.0698090677467489,0.0091079388764375,12,184,0.458152166969525,"{'feature_fraction': 1.0698090677467489, 'learning_rate': 0.00910793887643757, 'max_depth': 12, 'num_leaves': 184, 'subsample': 0.458152166969525}",,,,,,,,,,,,,49
1.5923691034317016,0.8610589789677663,0.0,0.0,1.0952995676778876,0.0055660997918093,15,153,0.5746975022884129,"{'feature_fraction': 1.0952995676778876, 'learning_rate': 0.005566099791809367, 'max_depth': 15, 'num_leaves': 153, 'subsample': 0.5746975022884129}",,,,,,,,,,,,,49
1.6127730131149292,0.8509276320089129,0.0,0.0,1.049571053450742,0.0097180829304997,1,123,0.937944907498804,"{'feature_fraction': 1.049571053450742, 'learning_rate': 0.009718082930499703, 'max_depth': 1, 'num_leaves': 123, 'subsample': 0.9379449074988039}",,,,,,,,,,,,,49
1.500616717338562,0.840102882235242,0.0,0.0,0.196098407893963,0.0849920677174368,3,52,1.0767610881903371,"{'feature_fraction': 0.19609840789396307, 'learning_rate': 0.08499206771743688, 'max_depth': 3, 'num_leaves': 52, 'subsample': 1.0767610881903371}",,,,,,,,,,,,,49
1.6878276824951173,1.0177369008116226,0.0,0.0,1.029296197576214,0.0009030397288885,12,12,0.2317978624043921,"{'feature_fraction': 1.029296197576214, 'learning_rate': 0.0009030397288885924, 'max_depth': 12, 'num_leaves': 12, 'subsample': 0.23179786240439218}",,,,,,,,,,,,,49
1.7566640853881836,0.919735141999954,0.0,0.0,0.9061939890460856,0.0129320016282551,1,21,1.0194826137446735,"{'feature_fraction': 0.9061939890460857, 'learning_rate': 0.01293200162825519, 'max_depth': 1, 'num_leaves': 21, 'subsample': 1.0194826137446735}",,,,,,,,,,,,,49
1.6267154693603516,0.8669095083826414,0.0,0.0,1.0342139979247935,0.0069486088942723,4,124,0.689909976354571,"{'feature_fraction': 1.0342139979247937, 'learning_rate': 0.006948608894272317, 'max_depth': 4, 'num_leaves': 124, 'subsample': 0.689909976354571}",,,,,,,,,,,,,49
1.7381518602371215,0.9933592511045388,0.0,0.0,0.1852955658587005,0.0001476573256053,18,28,1.0764043865930426,"{'feature_fraction': 0.18529556585870058, 'learning_rate': 0.00014765732560531616, 'max_depth': 18, 'num_leaves': 28, 'subsample': 1.0764043865930426}",,,,,,,,,,,,,49
1.573309063911438,0.9256007158403176,0.0,0.0,0.4118602206821891,0.0018895335775423,18,130,1.0527916569719449,"{'feature_fraction': 0.4118602206821891, 'learning_rate': 0.0018895335775423795, 'max_depth': 18, 'num_leaves': 130, 'subsample': 1.0527916569719447}",,,,,,,,,,,,,49
1.3873981475830075,0.8051473638121968,0.0,0.0,0.3048657621804457,0.0003125191282894,12,65,1.040431945252813,"{'feature_fraction': 0.3048657621804457, 'learning_rate': 0.0003125191282894184, 'max_depth': 12, 'num_leaves': 65, 'subsample': 1.040431945252813}",,,,,,,,,,,,,49
0.8046764850616455,0.6763159239956817,0.0,0.0,0.1923385947687978,0.00036206007257447376,14,144,1.035539070806032,"{'feature_fraction': 0.1923385947687978, 'learning_rate': 0.00036206007257447376, 'max_depth': 14, 'num_leaves': 144, 'subsample': 1.035539070806032}",,,,,,,,,,,,,50
1.727398419380188,0.9348225805419017,0.0,0.0,0.23002857211827768,0.0001143143822054876,7,146,1.0104483817931016,"{'feature_fraction': 0.23002857211827768, 'learning_rate': 0.0001143143822054876, 'max_depth': 7, 'num_leaves': 146, 'subsample': 1.0104483817931016}",,,,,,,,,,,,,50
1.558781886100769,0.915083709264409,0.0,0.0,1.027508580396034,0.0011048353954862776,19,106,0.8259979853504514,"{'feature_fraction': 1.027508580396034, 'learning_rate': 0.0011048353954862776, 'max_depth': 19, 'num_leaves': 106, 'subsample': 0.8259979853504514}",,,,,,,,,,,,,50
1.6620094060897828,0.8628283301872226,0.0,0.0,1.0230245355464833,0.013632461375504053,8,63,0.1198801338397956,"{'feature_fraction': 1.0230245355464833, 'learning_rate': 0.013632461375504053, 'max_depth': 8, 'num_leaves': 63, 'subsample': 0.1198801338397956}",,,,,,,,,,,,,50
1.6503097534179687,0.8977404219274319,0.0,0.0,1.0387116997045198,0.0012983796585447297,16,120,0.33984775914758614,"{'feature_fraction': 1.0387116997045198, 'learning_rate': 0.0012983796585447297, 'max_depth': 16, 'num_leaves': 120, 'subsample': 0.33984775914758614}",,,,,,,,,,,,,50
1.6330733060836793,0.9010645093619484,0.0,0.0,0.1659610906840238,0.01603976089149693,15,31,1.0319720691968373,"{'feature_fraction': 0.1659610906840238, 'learning_rate': 0.01603976089149693, 'max_depth': 15, 'num_leaves': 31, 'subsample': 1.0319720691968373}",,,,,,,,,,,,,50
1.6144769191741943,0.8279988500824004,0.0,0.0,0.11395157297559702,0.0005047615419441571,15,64,1.0490163206876164,"{'feature_fraction': 0.11395157297559702, 'learning_rate': 0.0005047615419441571, 'max_depth': 15, 'num_leaves': 64, 'subsample': 1.0490163206876164}",,,,,,,,,,,,,50
1.508593463897705,0.7934777574482758,0.0,0.0,1.0501761192470798,0.004676915943744832,19,167,0.124101626497119,"{'feature_fraction': 1.0501761192470798, 'learning_rate': 0.004676915943744832, 'max_depth': 19, 'num_leaves': 167, 'subsample': 0.124101626497119}",,,,,,,,,,,,,50
1.5283968210220338,0.9302251865451531,0.0,0.0,1.0401074823333671,0.00557240328842981,8,74,0.12388409454667795,"{'feature_fraction': 1.0401074823333671, 'learning_rate': 0.00557240328842981, 'max_depth': 8, 'num_leaves': 74, 'subsample': 0.12388409454667795}",,,,,,,,,,,,,50
1.4725646018981933,0.8595170297900553,0.0,0.0,1.065726803689303,0.0019494122807132848,8,93,0.38571885173414755,"{'feature_fraction': 1.065726803689303, 'learning_rate': 0.0019494122807132848, 'max_depth': 8, 'num_leaves': 93, 'subsample': 0.38571885173414755}",,,,,,,,,,,,,50
1.6956537961959839,0.8770521118841004,0.0,0.0,0.5201936800011322,0.010894480094141911,11,195,1.0767591490310597,"{'feature_fraction': 0.5201936800011322, 'learning_rate': 0.010894480094141911, 'max_depth': 11, 'num_leaves': 195, 'subsample': 1.0767591490310597}",,,,,,,,,,,,,50
